{
    "nodes": [
        {
            "id": "赣锋锂业",
            "category": "企业",
            "belongsto": "原材料"
        },
        {
            "id": "雅化集团",
            "category": "企业",
            "belongsto": "原材料"
        },
        {
            "id": "盛新锂能",
            "category": "企业",
            "belongsto": "原材料"
        },
        {
            "id": "特斯拉（Tesla）",
            "category": "企业",
            "belongsto": "整车"
        },
        {
            "id": "华为（Huawei）",
            "category": "企业",
            "belongsto": "整车"
        },
        {
            "id": "NIO（蔚来汽车）",
            "category": "企业",
            "belongsto": "整车"
        },
        {
            "id": "BYD（比亚迪）",
            "category": "企业",
            "belongsto": "整车"
        },
        {
            "id": "蔚景汽车（WM Motor）",
            "category": "企业",
            "belongsto": "整车"
        },
        {
            "id": "小鹏汽车（XPeng）",
            "category": "企业",
            "belongsto": "整车"
        },
        {
            "id": "理想汽车（Li Auto）",
            "category": "企业",
            "belongsto": "整车"
        },
        {
            "id": "长江汽车（CHJ Automotive）",
            "category": "企业",
            "belongsto": "整车"
        },
        {
            "id": "广汽新能源",
            "category": "企业",
            "belongsto": "整车"
        },
        {
            "id": "宁德时代（CATL）",
            "category": "企业",
            "belongsto": "整车"
        },
        {
            "id": "比亚迪（BYD）",
            "category": "企业",
            "belongsto": "整车"
        },
        {
            "id": "江淮汽车",
            "category": "企业",
            "belongsto": "整车"
        },
        {
            "id": "吉利汽车",
            "category": "企业",
            "belongsto": "整车"
        },
        {
            "id": "北汽新能源",
            "category": "企业",
            "belongsto": "整车"
        },
        {
            "id": "华晨宝马",
            "category": "企业",
            "belongsto": "整车"
        },
        {
            "id": "一汽-大众",
            "category": "企业",
            "belongsto": "整车"
        },
        {
            "id": "长安汽车",
            "category": "企业",
            "belongsto": "整车"
        },
        {
            "id": "东风汽车",
            "category": "企业",
            "belongsto": "整车"
        },
        {
            "id": "奇瑞汽车",
            "category": "企业",
            "belongsto": "整车"
        }
    ]
}